wind_farm_name,LAT,LON,area_sqkm,country,commissioning_year,installed_capacity_MW,turbine_producer,turbine_power_MW,foundation_type,oss_responsibility,offshore_cable,onshore_connection,model_type,water_depth_m,water_depth_min_m,water_depth_max_m,water_depth_mean_m,distance_from_shore_km,distance_from_shore_min_km,distance_from_shore_max_km,distance_from_shore_mean_km,distance_from_port_km,distance_from_construction_port_km,total_project_budget,total_project_budget_eur,total_project_budget_eur_indexed,project_lifetime_years,mean_wind_speed_mps,mean_wave_height_m,country_Belgium,country_Denmark,country_Finland,country_France,country_Germany,country_Ireland,country_Italy,country_Netherlands,country_Norway,country_Poland,country_Portugal,country_Sweden,country_UK,turbine_producer_Siemens,turbine_producer_Unknown,foundation_type_Floating,foundation_type_Floating TLP,foundation_type_Floating TetraSpar,foundation_type_Floating concrete spar buoy,foundation_type_Floating damping pool,foundation_type_Floating semi-submersible,foundation_type_Floating spar buoy,foundation_type_Gravity-based,foundation_type_Gravity-based / Jacket,foundation_type_Jacket,foundation_type_Jacket / Tripod,foundation_type_Monopile,foundation_type_Monopile / Jacket,foundation_type_Suction Bucket Jacket,foundation_type_Suction Bucket Jacket / Monopile,foundation_type_Tripile,foundation_type_Tripod,foundation_type_Tripod jacket,foundation_type_Tripod jacket with suction bucket,foundation_type_Unknown,oss_responsibility_Developer,oss_responsibility_OFTO,oss_responsibility_TSO,oss_responsibility_Unknown,offshore_cable_Developer,offshore_cable_OFTO,offshore_cable_TSO,offshore_cable_Unknown,onshore_connection_Developer,onshore_connection_Developer/TSO,onshore_connection_OFTO,onshore_connection_TSO,onshore_connection_Unknown,model_type_Developer-led,model_type_OFTO,model_type_TSO-led,model_type_Unknown,data_quality_flag
Hornsea 1,53.883,1.922,,UK,2020.0,1218.0,Siemens,,Monopile,OFTO,OFTO,OFTO,OFTO,20-40,20.0,40.0,30.0,120,120.0,120.0,120.0,,143.99883302652157,GBP 4.2 billion,4936528800.0,6023668524.249842,25.0,9.609211386004787,1.0,False,False,False,False,False,False,False,False,False,False,False,False,True,True,False,False,False,False,False,False,False,False,False,False,False,False,True,False,False,False,False,False,False,False,False,False,True,False,False,False,True,False,False,False,False,True,False,False,False,True,False,False,indexed_wb_2020
Hornsea 2,53.885,1.791,,UK,2022.0,1386.0,Siemens,,Monopile,OFTO,OFTO,OFTO,OFTO,30-40,30.0,40.0,35.0,89,89.0,89.0,89.0,,142.79562201272103,USD 3.64 billion,3213843360.0,3213843360.0,25.0,9.620879953556836,1.2983538812785387,False,False,False,False,False,False,False,False,False,False,False,False,True,True,False,False,False,False,False,False,False,False,False,False,False,False,True,False,False,False,False,False,False,False,False,False,True,False,False,False,True,False,False,False,False,True,False,False,False,True,False,False,recent
Hornsea 3,53.067,0.463,,UK,2027.0,2900.0,Siemens,,Monopile,OFTO,OFTO,OFTO,OFTO,22-73,22.0,73.0,47.5,120,120.0,120.0,120.0,,111.43852725606192,USD 9.6 billion,8162572800.0,8162572800.0,25.0,9.016599524129838,0.6270867579908677,False,False,False,False,False,False,False,False,False,False,False,False,True,True,False,False,False,False,False,False,False,False,False,False,False,False,True,False,False,False,False,False,False,False,False,False,True,False,False,False,True,False,False,False,False,True,False,False,False,True,False,False,recent
Dogger Bank A,54.783,1.861,,UK,2025.0,1200.0,Unknown,,Monopile,OFTO,OFTO,OFTO,OFTO,20-35,20.0,35.0,27.5,131,131.0,131.0,131.0,,242.7489045289391,GBP 3 billion,3618033000.0,3618033000.0,25.0,9.60934891500305,1.4710776255707763,False,False,False,False,False,False,False,False,False,False,False,False,True,False,True,False,False,False,False,False,False,False,False,False,False,False,True,False,False,False,False,False,False,False,False,False,True,False,False,False,True,False,False,False,False,True,False,False,False,True,False,False,recent
Dogger Bank B,54.984,1.654,,UK,2026.0,1200.0,Unknown,,Monopile,OFTO,OFTO,OFTO,OFTO,20-35,20.0,35.0,27.5,131,131.0,131.0,131.0,,255.08642871191705,GBP 3 billion,3437999999.9999995,3437999999.9999995,25.0,9.526035997851304,1.5196187214611874,False,False,False,False,False,False,False,False,False,False,False,False,True,False,True,False,False,False,False,False,False,False,False,False,False,False,True,False,False,False,False,False,False,False,False,False,True,False,False,False,True,False,False,False,False,True,False,False,False,True,False,False,recent
Dogger Bank C,54.851,2.522,,UK,2027.0,1200.0,Unknown,,Monopile,OFTO,OFTO,OFTO,OFTO,20-35,20.0,35.0,27.5,196,196.0,196.0,196.0,,264.87551616750056,GBP 3 billion,3471819000.0,3471819000.0,25.0,9.59987104978345,1.5051849315068493,False,False,False,False,False,False,False,False,False,False,False,False,True,False,True,False,False,False,False,False,False,False,False,False,False,False,True,False,False,False,False,False,False,False,False,False,True,False,False,False,True,False,False,False,False,True,False,False,False,True,False,False,recent
East Anglia ONE,52.234,2.488,,UK,2020.0,714.0,Siemens,,Jacket,OFTO,OFTO,OFTO,OFTO,30-55,30.0,55.0,42.5,43,43.0,43.0,43.0,,93.43272938323057,GBP 2.5 billion,2938410000.0,3585516978.720144,25.0,9.220471100024604,1.54,False,False,False,False,False,False,False,False,False,False,False,False,True,True,False,False,False,False,False,False,False,False,False,False,True,False,False,False,False,False,False,False,False,False,False,False,True,False,False,False,True,False,False,False,False,True,False,False,False,True,False,False,indexed_wb_2020
East Anglia TWO,52.244,2.186,,UK,2030.0,960.0,Siemens,,Unknown,OFTO,OFTO,OFTO,OFTO,30-40,30.0,40.0,35.0,37.5,37.5,37.5,37.5,,64.21443538644574,GBP 3 billion,3471819000.0,3471819000.0,25.0,9.207641878650533,1.082148401826484,False,False,False,False,False,False,False,False,False,False,False,False,True,True,False,False,False,False,False,False,False,False,False,False,False,False,False,False,False,False,False,False,False,False,True,False,True,False,False,False,True,False,False,False,False,True,False,False,False,True,False,False,recent
East Anglia THREE,52.771,3.037,,UK,2026.0,1372.0,Siemens,,Monopile,OFTO,OFTO,OFTO,OFTO,30-40,30.0,40.0,35.0,69,69.0,69.0,69.0,,146.3134111761461,GBP 4 billion,4584000000.0,4584000000.0,25.0,9.690889221549073,1.2511278538812785,False,False,False,False,False,False,False,False,False,False,False,False,True,True,False,False,False,False,False,False,False,False,False,False,False,False,True,False,False,False,False,False,False,False,False,False,True,False,False,False,True,False,False,False,False,True,False,False,False,True,False,False,recent
Walney 1 and 2,54.048,-3.618,,UK,2012.0,367.0,Siemens,,Monopile,OFTO,OFTO,OFTO,OFTO,19-23,19.0,23.0,21.0,14,14.0,14.0,14.0,,90.97457342026995,GBP 1 billion,1197175000.0,1656611690.5382,25.0,9.157309546462528,0.9,False,False,False,False,False,False,False,False,False,False,False,False,True,True,False,False,False,False,False,False,False,False,False,False,False,False,True,False,False,False,False,False,False,False,False,False,True,False,False,False,True,False,False,False,False,True,False,False,False,True,False,False,indexed_wb_2012
Walney Extension,54.088,-3.439,,UK,2018.0,659.0,Unknown,,Monopile,OFTO,OFTO,OFTO,OFTO,19-23,19.0,23.0,21.0,19,19.0,19.0,19.0,,89.16554760668537,GBP 2 billion,2254206000.0,2826134317.420376,25.0,8.96144478519167,0.92,False,False,False,False,False,False,False,False,False,False,False,False,True,False,True,False,False,False,False,False,False,False,False,False,False,False,True,False,False,False,False,False,False,False,False,False,True,False,False,False,True,False,False,False,False,True,False,False,False,True,False,False,indexed_wb_2018
London Array,51.644,1.553,,UK,2013.0,630.0,Unknown,,Monopile,OFTO,OFTO,OFTO,OFTO,25,25.0,25.0,25.0,20,20.0,20.0,20.0,,107.91946101144164,EUR 2.2 billion,2200000000.0,2976086218.601486,25.0,8.951106666615303,1.56,False,False,False,False,False,False,False,False,False,False,False,False,True,False,True,False,False,False,False,False,False,False,False,False,False,False,True,False,False,False,False,False,False,False,False,False,True,False,False,False,True,False,False,False,False,True,False,False,False,True,False,False,indexed_wb_2013
Thanet,51.433,1.417,,UK,2010.0,300.0,Unknown,,Monopile,Developer,Developer,Developer,Developer-led,20-25,20.0,25.0,22.5,11,11.0,11.0,11.0,,134.11528778629244,GBP 780-900 million,945839160.0,1394268730.3088615,25.0,8.863561674048627,1.46,False,False,False,False,False,False,False,False,False,False,False,False,True,False,True,False,False,False,False,False,False,False,False,False,False,False,True,False,False,False,False,False,False,False,False,True,False,False,False,True,False,False,False,True,False,False,False,False,True,False,False,False,indexed_wb_2010
Beatrice,58.105,-3.093,,UK,2019.0,588.0,Unknown,,Jacket,OFTO,OFTO,OFTO,OFTO,35-56,35.0,56.0,45.5,13,13.0,13.0,13.0,,101.73039483851402,GBP 2.5 billion,2794762500.0,3443978742.4629135,25.0,9.060848680297287,1.16,False,False,False,False,False,False,False,False,False,False,False,False,True,False,True,False,False,False,False,False,False,False,False,False,True,False,False,False,False,False,False,False,False,False,False,False,True,False,False,False,True,False,False,False,False,True,False,False,False,True,False,False,indexed_wb_2019
Moray East,58.1,-2.8,,UK,2022.0,950.0,Unknown,,Tripod jacket,OFTO,OFTO,OFTO,OFTO,50,50.0,50.0,50.0,22,22.0,22.0,22.0,,131.64150751187867,GBP 2.6 billion,3094205400.0000005,3094205400.0000005,25.0,9.48282556261283,1.2125136986301368,False,False,False,False,False,False,False,False,False,False,False,False,True,False,True,False,False,False,False,False,False,False,False,False,False,False,False,False,False,False,False,False,True,False,False,False,True,False,False,False,True,False,False,False,False,True,False,False,False,True,False,False,recent
Moray West,58.1,-3.1,,UK,2025.0,882.0,Unknown,,Monopile,OFTO,OFTO,OFTO,OFTO,35-54,35.0,54.0,44.5,22.5,22.5,22.5,22.5,,100.79020041650877,GBP 2.5 billion,3015027500.0,3015027500.0,25.0,9.060848680297287,0.999579908675799,False,False,False,False,False,False,False,False,False,False,False,False,True,False,True,False,False,False,False,False,False,False,False,False,False,False,True,False,False,False,False,False,False,False,False,False,True,False,False,False,True,False,False,False,False,True,False,False,False,True,False,False,recent
Seagreen,56.37,-2.16,,UK,2023.0,1075.0,Unknown,,Tripod jacket with suction bucket,OFTO,OFTO,OFTO,OFTO,42-58,42.0,58.0,50.0,27,27.0,27.0,27.0,,89.69109091208561,GBP 3 billion,3382455000.0,3382455000.0,25.0,9.130451407851021,1.174527397260274,False,False,False,False,False,False,False,False,False,False,False,False,True,False,True,False,False,False,False,False,False,False,False,False,False,False,False,False,False,False,False,False,False,True,False,False,True,False,False,False,True,False,False,False,False,True,False,False,False,True,False,False,recent
Triton Knoll,53.51,0.82,,UK,2022.0,857.0,Unknown,,Monopile,OFTO,OFTO,OFTO,OFTO,18-24,18.0,24.0,21.0,33,33.0,33.0,33.0,,124.77356893909875,GBP 2 billion,2380158000.0,2380158000.0,25.0,9.359047022844951,1.0672442922374428,False,False,False,False,False,False,False,False,False,False,False,False,True,False,True,False,False,False,False,False,False,False,False,False,False,False,True,False,False,False,False,False,False,False,False,False,True,False,False,False,True,False,False,False,False,True,False,False,False,True,False,False,recent
Race Bank,53.275,0.841,,UK,2018.0,573.0,Unknown,,Monopile,OFTO,OFTO,OFTO,OFTO,6-26,6.0,26.0,16.0,27,27.0,27.0,27.0,,123.90036588323683,GBP 1.6 billion,1803364800.0,2260907453.9363008,25.0,9.291597952630104,0.92,False,False,False,False,False,False,False,False,False,False,False,False,True,False,True,False,False,False,False,False,False,False,False,False,False,False,True,False,False,False,False,False,False,False,False,False,True,False,False,False,True,False,False,False,False,True,False,False,False,True,False,False,indexed_wb_2018
Dudgeon,53.25,1.383,,UK,2017.0,402.0,Unknown,,Monopile,OFTO,OFTO,OFTO,OFTO,18-25,18.0,25.0,21.5,32,32.0,32.0,32.0,,81.78741828056425,GBP 1.5 billion,1751968500.0000002,2246832651.5285654,25.0,9.442498045353034,1.0,False,False,False,False,False,False,False,False,False,False,False,False,True,False,True,False,False,False,False,False,False,False,False,False,False,False,True,False,False,False,False,False,False,False,False,False,True,False,False,False,True,False,False,False,False,True,False,False,False,True,False,False,indexed_wb_2017
Sheringham Shoal,53.13,1.15,,UK,2012.0,317.0,Unknown,,Monopile,OFTO,OFTO,OFTO,OFTO,16-22,16.0,22.0,19.0,17-23,17.0,23.0,20.0,,87.21097006684431,GBP 1 billion,1197175000.0,1656611690.5382,25.0,9.343575597478425,0.94,False,False,False,False,False,False,False,False,False,False,False,False,True,False,True,False,False,False,False,False,False,False,False,False,False,False,True,False,False,False,False,False,False,False,False,False,True,False,False,False,True,False,False,False,False,True,False,False,False,True,False,False,indexed_wb_2012
Greater Gabbard,51.933,1.883,,UK,2012.0,504.0,Unknown,,Monopile,OFTO,OFTO,OFTO,OFTO,24-34,24.0,34.0,29.0,23,23.0,23.0,23.0,,75.95985556858325,GBP 1.5 billion,1795762500.0000002,2484917535.8073,25.0,9.128949792682848,1.48,False,False,False,False,False,False,False,False,False,False,False,False,True,False,True,False,False,False,False,False,False,False,False,False,False,False,True,False,False,False,False,False,False,False,False,False,True,False,False,False,True,False,False,False,False,True,False,False,False,True,False,False,indexed_wb_2012
Robin Rigg,54.75,-3.71,,UK,2010.0,174.0,Unknown,,Monopile,Developer,Developer,Developer,Developer-led,5-18,5.0,18.0,11.5,9-11,9.0,11.0,10.0,,167.7837242076838,EUR 500 million,500000000.0,737053819.12336,25.0,9.154325133561093,0.44,False,False,False,False,False,False,False,False,False,False,False,False,True,False,True,False,False,False,False,False,False,False,False,False,False,False,True,False,False,False,False,False,False,False,False,True,False,False,False,True,False,False,False,True,False,False,False,False,True,False,False,False,indexed_wb_2010
Barrow,53.983,-3.283,,UK,2006.0,90.0,Unknown,,Monopile,Developer,Developer,Developer,Developer-led,20,20.0,20.0,20.0,7,7.0,7.0,7.0,,75.81299999999999,GBP 100 million,145921500.0,238260230.61558992,25.0,8.860690986019133,0.86,False,False,False,False,False,False,False,False,False,False,False,False,True,False,True,False,False,False,False,False,False,False,False,False,False,False,True,False,False,False,False,False,False,False,False,True,False,False,False,True,False,False,False,True,False,False,False,False,True,False,False,False,indexed_wb_2006
Burbo Bank,53.483,-3.183,,UK,2007.0,90.0,Unknown,,Monopile,Developer,Developer,Developer,Developer-led,6-13,6.0,13.0,9.5,6-7,6.0,7.0,6.5,,23.147958203694756,GBP 660 million,982873980.0,1567426382.0708318,25.0,8.647542355522324,0.62,False,False,False,False,False,False,False,False,False,False,False,False,True,False,True,False,False,False,False,False,False,False,False,False,False,False,True,False,False,False,False,False,False,False,False,True,False,False,False,True,False,False,False,True,False,False,False,False,True,False,False,False,indexed_wb_2007
Burbo Bank Extension,53.483,-3.183,,UK,2017.0,258.0,Unknown,,Monopile,OFTO,OFTO,OFTO,OFTO,,,,,9,9.0,9.0,9.0,,23.147958203694756,GBP 1.32 billion,1541732280.0000002,1977212733.3451378,25.0,8.647542355522324,0.62,False,False,False,False,False,False,False,False,False,False,False,False,True,False,True,False,False,False,False,False,False,False,False,False,False,False,True,False,False,False,False,False,False,False,False,False,True,False,False,False,True,False,False,False,False,True,False,False,False,True,False,False,indexed_wb_2017
West of Duddon Sands,54.01,-3.52,,UK,2014.0,389.0,Unknown,,Monopile,OFTO,OFTO,OFTO,OFTO,17-24,17.0,24.0,20.5,15,15.0,15.0,15.0,,83.0847419746852,GBP 1.6 billion,1919155200.0000002,2559034131.5934744,25.0,9.080094991778402,0.9,False,False,False,False,False,False,False,False,False,False,False,False,True,False,True,False,False,False,False,False,False,False,False,False,False,False,True,False,False,False,False,False,False,False,False,False,True,False,False,False,True,False,False,False,False,True,False,False,False,True,False,False,indexed_wb_2014
Ormonde,54.1,-3.4,,UK,2012.0,150.0,Unknown,,Jacket,OFTO,OFTO,OFTO,OFTO,21,21.0,21.0,21.0,10,10.0,10.0,10.0,,89.74464980710596,EUR 552 million,552000000.0,763839583.3333359,25.0,8.896446517321785,0.88,False,False,False,False,False,False,False,False,False,False,False,False,True,False,True,False,False,False,False,False,False,False,False,False,True,False,False,False,False,False,False,False,False,False,False,False,True,False,False,False,True,False,False,False,False,True,False,False,False,True,False,False,indexed_wb_2012
Lincs,53.183,0.483,,UK,2013.0,270.0,Unknown,,Monopile,OFTO,OFTO,OFTO,OFTO,8-18,8.0,18.0,13.0,8,8.0,8.0,8.0,,104.9987366409713,GBP 1 billion,1225340000.0,1657598857.7732477,25.0,8.995110711592531,0.74,False,False,False,False,False,False,False,False,False,False,False,False,True,False,True,False,False,False,False,False,False,False,False,False,False,False,True,False,False,False,False,False,False,False,False,False,True,False,False,False,True,False,False,False,False,True,False,False,False,True,False,False,indexed_wb_2013
Lynn and Inner Dowsing,53.127,0.436,,UK,2009.0,194.0,Unknown,,Monopile,Developer,Developer,Developer,Developer-led,6.3-16,6.3,16.0,11.15,5.2,5.2,5.2,5.2,,104.78110737532799,EUR 349 million,349000000.0,527287366.1264342,25.0,8.995578660277344,0.72,False,False,False,False,False,False,False,False,False,False,False,False,True,False,True,False,False,False,False,False,False,False,False,False,False,False,True,False,False,False,False,False,False,False,False,True,False,False,False,True,False,False,False,True,False,False,False,False,True,False,False,False,indexed_wb_2009
Kentish Flats,51.46,1.09,,UK,2005.0,90.0,Unknown,,Monopile,Developer,Developer,Developer,Developer-led,5-8,5.0,8.0,6.5,8.9-10,8.9,10.0,9.45,,145.1173773191895,GBP 105 million,148925595.0,249136626.0777632,25.0,8.621741127578625,1.14,False,False,False,False,False,False,False,False,False,False,False,False,True,False,True,False,False,False,False,False,False,False,False,False,False,False,True,False,False,False,False,False,False,False,False,True,False,False,False,True,False,False,False,True,False,False,False,False,True,False,False,False,indexed_wb_2005
Kentish Flats Extension,51.46,1.09,,UK,2015.0,49.5,Unknown,,Monopile,OFTO,OFTO,OFTO,OFTO,5-8,5.0,8.0,6.5,10,10.0,10.0,10.0,,145.1173773191895,GBP 150 million,192579300.0,255846872.34769717,25.0,8.621741127578625,1.14,False,False,False,False,False,False,False,False,False,False,False,False,True,False,True,False,False,False,False,False,False,False,False,False,False,False,True,False,False,False,False,False,False,False,False,False,True,False,False,False,True,False,False,False,False,True,False,False,False,True,False,False,indexed_wb_2015
Scroby Sands,52.65,1.78,,UK,2004.0,60.0,Unknown,,Monopile,Developer,Developer,Developer,Developer-led,13-20,13.0,20.0,16.5,2.5,2.5,2.5,2.5,,7.848885271170457,GBP 75.5 million,107122571.0,182948457.71491355,25.0,9.19869289542277,1.04,False,False,False,False,False,False,False,False,False,False,False,False,True,False,True,False,False,False,False,False,False,False,False,False,False,False,True,False,False,False,False,False,False,False,False,True,False,False,False,True,False,False,False,True,False,False,False,False,True,False,False,False,indexed_wb_2004
North Hoyle,53.433,-3.4,,UK,2003.0,60.0,Unknown,,Monopile,Developer,Developer,Developer,Developer-led,12,12.0,12.0,12.0,7.5,7.5,7.5,7.5,,19.662358403813332,GBP 80 million,122982320.0,212954721.17314833,25.0,8.810314922323109,0.62,False,False,False,False,False,False,False,False,False,False,False,False,True,False,True,False,False,False,False,False,False,False,False,False,False,False,True,False,False,False,False,False,False,False,False,True,False,False,False,True,False,False,False,True,False,False,False,False,True,False,False,False,indexed_wb_2003
Rampion,50.666,-0.266,,UK,2018.0,400.0,Unknown,,Monopile,OFTO,OFTO,OFTO,OFTO,19-40,19.0,40.0,29.5,13-25,13.0,25.0,19.0,,308.4995744113762,GBP 1.3 billion,1465233900.0,1836987306.3232443,25.0,9.213718519093261,1.44,False,False,False,False,False,False,False,False,False,False,False,False,True,False,True,False,False,False,False,False,False,False,False,False,False,False,True,False,False,False,False,False,False,False,False,False,True,False,False,False,True,False,False,False,False,True,False,False,False,True,False,False,indexed_wb_2018
Humber Gateway,53.64278987612652,0.296802300153941,35.0,UK,2015.0,219.0,Unknown,,Monopile,OFTO,OFTO,OFTO,OFTO,15,15.0,15.0,15.0,8,8.0,8.0,8.0,,64.95087858391818,GBP 700 million,898703400.0,1193952070.9559202,25.0,9.300777670282304,0.64,False,False,False,False,False,False,False,False,False,False,False,False,True,False,True,False,False,False,False,False,False,False,False,False,False,False,True,False,False,False,False,False,False,False,False,False,True,False,False,False,True,False,False,False,False,True,False,False,False,True,False,False,indexed_wb_2015
Westermost Rough,53.78104801813828,0.2148424662161718,35.0,UK,2015.0,210.0,Unknown,,Monopile,OFTO,OFTO,OFTO,OFTO,,,,,8,8.0,8.0,8.0,,55.07265181108338,GBP 800 million,1027089600.0,1364516652.5210516,25.0,9.540545798034914,0.68,False,False,False,False,False,False,False,False,False,False,False,False,True,False,True,False,False,False,False,False,False,False,False,False,False,False,True,False,False,False,False,False,False,False,False,False,True,False,False,False,True,False,False,False,False,True,False,False,False,True,False,False,indexed_wb_2015
Gunfleet Sands,51.739444,1.174444,17.05,UK,2010.0,172.0,Unknown,,Monopile,Developer,Developer,Developer,Developer-led,2-15,2.0,15.0,8.5,7,7.0,7.0,7.0,,113.69776642401276,GBP 305 million,343429695.0,506252336.60024136,25.0,8.642261865688058,1.24,False,False,False,False,False,False,False,False,False,False,False,False,True,False,True,False,False,False,False,False,False,False,False,False,False,False,True,False,False,False,False,False,False,False,False,True,False,False,False,True,False,False,False,True,False,False,False,False,True,False,False,False,indexed_wb_2010
Teesside,54.60234189553078,-1.4295520401172217,,UK,2014.0,62.0,Unknown,,Monopile,OFTO,OFTO,OFTO,OFTO,,,,,1.5,1.5,1.5,1.5,,29.661292550856878,GBP 4 billion,4797888000.0,6397585328.983685,25.0,8.99853108615951,2.0,False,False,False,False,False,False,False,False,False,False,False,False,True,False,True,False,False,False,False,False,False,False,False,False,False,False,True,False,False,False,False,False,False,False,False,False,True,False,False,False,True,False,False,False,False,True,False,False,False,True,False,False,indexed_wb_2014
Blyth Offshore (Original),55.135833,-1.490278,,UK,2000.0,4.0,Unknown,,Monopile,Developer,Developer,Developer,Developer-led,10,10.0,10.0,10.0,2,2.0,2.0,2.0,,65.82366835259566,EUR 4.6 million,4600000.0,8323337.116912616,19.0,9.40282116103928,0.58,False,False,False,False,False,False,False,False,False,False,False,False,True,False,True,False,False,False,False,False,False,False,False,False,False,False,True,False,False,False,False,False,False,False,False,True,False,False,False,True,False,False,False,True,False,False,False,False,True,False,False,False,indexed_wb_2000
Aberdeen Bay (EOWDC),57.22257515746838,-1.9728780880585897,19.0,UK,2018.0,93.2,Unknown,,Suction Bucket Jacket,OFTO,OFTO,OFTO,OFTO,19-32,19.0,32.0,25.5,3,3.0,3.0,3.0,,138.72168195570117,GBP 300-335 million,357855202.5,448648822.8904847,25.0,8.730332161374282,0.64,False,False,False,False,False,False,False,False,False,False,False,False,True,False,True,False,False,False,False,False,False,False,False,False,False,False,False,False,True,False,False,False,False,False,False,False,True,False,False,False,True,False,False,False,False,True,False,False,False,True,False,False,indexed_wb_2018
Neart na Gaoithe,56.275,-2.245,105.0,UK,2025.0,450.0,Unknown,,Jacket,OFTO,OFTO,OFTO,OFTO,40-60,40.0,60.0,50.0,15.5,15.5,15.5,15.5,,82.30101718083446,GBP 1.8 billion,2170819800.0,2170819800.0,25.0,9.19006606751377,1.0598630136986302,False,False,False,False,False,False,False,False,False,False,False,False,True,False,True,False,False,False,False,False,False,False,False,False,True,False,False,False,False,False,False,False,False,False,False,False,True,False,False,False,True,False,False,False,False,True,False,False,False,True,False,False,recent
Inch Cape,56.5,-2.17,150.0,UK,2027.0,1080.0,Unknown,,Monopile / Jacket,OFTO,OFTO,OFTO,OFTO,34-64,34.0,64.0,49.0,15,15.0,15.0,15.0,,88.13490868549194,GBP 3.5 billion,4050455500.0,4050455500.0,25.0,8.834458956198533,1.0969520547945204,False,False,False,False,False,False,False,False,False,False,False,False,True,False,True,False,False,False,False,False,False,False,False,False,False,False,False,True,False,False,False,False,False,False,False,False,True,False,False,False,True,False,False,False,False,True,False,False,False,True,False,False,recent
Galloper,51.86653342228734,1.9269606847383245,147.0,UK,2018.0,353.0,Unknown,,Monopile,OFTO,OFTO,OFTO,OFTO,27-36,27.0,36.0,31.5,27,27.0,27.0,27.0,,84.2991275423811,GBP 1.5 billion,1690654500.0,2119600738.065282,25.0,9.134975890894655,1.58,False,False,False,False,False,False,False,False,False,False,False,False,True,False,True,False,False,False,False,False,False,False,False,False,False,False,True,False,False,False,False,False,False,False,False,False,True,False,False,False,True,False,False,False,False,True,False,False,False,True,False,False,indexed_wb_2018
Sofia,54.9794,2.2301,593.0,UK,2027.0,1400.0,Unknown,,Monopile,OFTO,OFTO,OFTO,OFTO,21-36,21.0,36.0,28.5,195,195.0,195.0,195.0,,269.88399412112204,EUR 3 billion,3000000000.0,3000000000.0,25.0,9.633046722312335,1.5234840182648404,False,False,False,False,False,False,False,False,False,False,False,False,True,False,True,False,False,False,False,False,False,False,False,False,False,False,True,False,False,False,False,False,False,False,False,False,True,False,False,False,True,False,False,False,False,True,False,False,False,True,False,False,recent
Hywind Scotland,57.49809316673302,-1.6930264003753728,15.0,UK,2017.0,30.0,Unknown,,Floating spar buoy,OFTO,OFTO,OFTO,OFTO,95-120,95.0,120.0,107.5,29,29.0,29.0,29.0,,182.06945209562767,GBP 264 million,308346456.0,395442546.6690275,25.0,9.514400056059719,1.66,False,False,False,False,False,False,False,False,False,False,False,False,True,False,True,False,False,False,False,False,False,True,False,False,False,False,False,False,False,False,False,False,False,False,False,False,True,False,False,False,True,False,False,False,False,True,False,False,False,True,False,False,indexed_wb_2017
Kincardine,57.0046,-1.8596,110.0,UK,2021.0,50.0,Unknown,,Floating semi-submersible,OFTO,OFTO,OFTO,OFTO,60-80,60.0,80.0,70.0,15,15.0,15.0,15.0,,136.58326599960935,GBP 350 million,389308499.99999994,389308499.99999994,25.0,8.947472681016725,1.3912562358276646,False,False,False,False,False,False,False,False,False,False,False,False,True,False,True,False,False,False,False,False,True,False,False,False,False,False,False,False,False,False,False,False,False,False,False,False,True,False,False,False,True,False,False,False,False,True,False,False,False,True,False,False,recent
alpha ventus,54.0112,6.6078,4.0,Germany,2010.0,60.0,Unknown,,Jacket / Tripod,TSO,TSO,TSO,TSO-led,30,30.0,30.0,30.0,45-60,45.0,60.0,52.5,,67.62482944954486,EUR 250 million,250000000.0,337171497.1302603,15.0,9.658556771433727,1.32,False,False,False,False,True,False,False,False,False,False,False,False,False,False,True,False,False,False,False,False,False,False,False,False,False,True,False,False,False,False,False,False,False,False,False,False,False,True,False,False,False,True,False,False,False,False,True,False,False,False,True,False,indexed_wb_2010
EnBW Baltic 1,54.6139,12.6667,7.0,Germany,2011.0,48.3,Unknown,,Monopile,TSO,TSO,TSO,TSO-led,16-19,16.0,19.0,17.5,16,16.0,16.0,16.0,,80.8209324472937,EUR 150 million,150000000.0,198190110.92981085,25.0,9.465006406260613,0.08,False,False,False,False,True,False,False,False,False,False,False,False,False,False,True,False,False,False,False,False,False,False,False,False,False,False,True,False,False,False,False,False,False,False,False,False,False,True,False,False,False,True,False,False,False,False,True,False,False,False,True,False,indexed_wb_2011
BARD Offshore 1,54.3583,5.975,59.0,Germany,2013.0,400.0,Unknown,,Tripile,TSO,TSO,TSO,TSO-led,40,40.0,40.0,40.0,100,100.0,100.0,100.0,,138.732491531328,EUR 2.9 billion,2900000000.0,3700548955.1580887,25.0,9.964751201788552,1.28,False,False,False,False,True,False,False,False,False,False,False,False,False,False,True,False,False,False,False,False,False,False,False,False,False,False,False,False,False,False,True,False,False,False,False,False,False,True,False,False,False,True,False,False,False,False,True,False,False,False,True,False,indexed_wb_2013
Meerwind Sued Ost,54.38,7.68,43.0,Germany,2014.0,288.0,Unknown,,Monopile,TSO,TSO,TSO,TSO-led,22-26,22.0,26.0,24.0,23,23.0,23.0,23.0,,127.74550583284753,EUR 1.2 billion,1200000000.0,1517501028.3356757,25.0,9.890145142826434,1.34,False,False,False,False,True,False,False,False,False,False,False,False,False,False,True,False,False,False,False,False,False,False,False,False,False,False,True,False,False,False,False,False,False,False,False,False,False,True,False,False,False,True,False,False,False,False,True,False,False,False,True,False,indexed_wb_2014
Nordsee Ost,54.43,7.68,36.0,Germany,2015.0,295.0,Unknown,,Jacket,TSO,TSO,TSO,TSO-led,25,25.0,25.0,25.0,60,60.0,60.0,60.0,,130.3283559341176,EUR 1.2 billion,1200000000.0,1509734559.1621256,25.0,9.848422238187892,1.32,False,False,False,False,True,False,False,False,False,False,False,False,False,False,True,False,False,False,False,False,False,False,False,False,True,False,False,False,False,False,False,False,False,False,False,False,False,True,False,False,False,True,False,False,False,False,True,False,False,False,True,False,indexed_wb_2015
DanTysk,55.14,7.2,70.0,Germany,2015.0,288.0,Unknown,,Monopile,TSO,TSO,TSO,TSO-led,21-32,21.0,32.0,26.5,70,70.0,70.0,70.0,,142.98258524204948,EUR 1 billion,1000000000.0,1258112132.6351047,25.0,9.554961885147991,1.3,False,False,False,False,True,False,False,False,False,False,False,False,False,False,True,False,False,False,False,False,False,False,False,False,False,False,True,False,False,False,False,False,False,False,False,False,False,True,False,False,False,True,False,False,False,False,True,False,False,False,True,False,indexed_wb_2015
Butendiek,55.0136,7.7687,33.0,Germany,2015.0,288.0,Unknown,,Monopile,TSO,TSO,TSO,TSO-led,17-22,17.0,22.0,19.5,32,32.0,32.0,32.0,,90.32599543282095,EUR 1.3 billion,1300000000.0,1635545772.425636,25.0,9.503553967408719,1.24,False,False,False,False,True,False,False,False,False,False,False,False,False,False,True,False,False,False,False,False,False,False,False,False,False,False,True,False,False,False,False,False,False,False,False,False,False,True,False,False,False,True,False,False,False,False,True,False,False,False,True,False,indexed_wb_2015
Amrumbank West,54.5227,7.7048,32.0,Germany,2015.0,302.0,Unknown,,Monopile,TSO,TSO,TSO,TSO-led,20-25,20.0,25.0,22.5,35,35.0,35.0,35.0,,132.98896844163394,EUR 1 billion,1000000000.0,1258112132.6351047,25.0,9.74787501022407,1.3,False,False,False,False,True,False,False,False,False,False,False,False,False,False,True,False,False,False,False,False,False,False,False,False,False,False,True,False,False,False,False,False,False,False,False,False,False,True,False,False,False,True,False,False,False,False,True,False,False,False,True,False,indexed_wb_2015
Borkum Riffgrund 1,53.966944,6.553889,36.0,Germany,2015.0,312.0,Unknown,,Monopile,TSO,TSO,TSO,TSO-led,23-29,23.0,29.0,26.0,37,37.0,37.0,37.0,,65.58093593147075,EUR 1.25 billion,1250000000.0,1572640165.7938807,25.0,9.67604593916436,1.32,False,False,False,False,True,False,False,False,False,False,False,False,False,False,True,False,False,False,False,False,False,False,False,False,False,False,True,False,False,False,False,False,False,False,False,False,False,True,False,False,False,True,False,False,False,False,True,False,False,False,True,False,indexed_wb_2015
Trianel Windpark Borkum I,54.0417,6.4667,56.0,Germany,2015.0,200.0,Unknown,,Tripod,TSO,TSO,TSO,TSO-led,25-35,25.0,35.0,30.0,45,45.0,45.0,45.0,,77.54277434152054,EUR 900 million,900000000.0,1132300919.3715942,25.0,9.706684398872437,1.32,False,False,False,False,True,False,False,False,False,False,False,False,False,False,True,False,False,False,False,False,False,False,False,False,False,False,False,False,False,False,False,True,False,False,False,False,False,True,False,False,False,True,False,False,False,False,True,False,False,False,True,False,indexed_wb_2015
EnBW Baltic 2,54.9733,13.1778,27.0,Germany,2015.0,288.0,Unknown,,Monopile / Jacket,TSO,TSO,TSO,TSO-led,23-44,23.0,44.0,33.5,32,32.0,32.0,32.0,,71.1146369092189,EUR 1.25 billion,1250000000.0,1572640165.7938807,25.0,9.554683639502171,0.1,False,False,False,False,True,False,False,False,False,False,False,False,False,False,True,False,False,False,False,False,False,False,False,False,False,False,False,True,False,False,False,False,False,False,False,False,False,True,False,False,False,True,False,False,False,False,True,False,False,False,True,False,indexed_wb_2015
Global Tech I,54.5,6.3583,41.0,Germany,2015.0,400.0,Unknown,,Tripod,TSO,TSO,TSO,TSO-led,38-41,38.0,41.0,39.5,115,115.0,115.0,115.0,,128.356173118748,EUR 1.6 billion,1600000000.0,2012979412.2161672,25.0,9.844224475646854,1.3,False,False,False,False,True,False,False,False,False,False,False,False,False,False,True,False,False,False,False,False,False,False,False,False,False,False,False,False,False,False,False,True,False,False,False,False,False,True,False,False,False,True,False,False,False,False,True,False,False,False,True,False,indexed_wb_2015
Gode Wind 1,54.05,7.03,42.0,Germany,2017.0,332.0,Unknown,,Monopile,TSO,TSO,TSO,TSO-led,26-35,26.0,35.0,30.5,33,33.0,33.0,33.0,,71.22092507823774,EUR 2.2 billion (combined 1+2),1733333333.3333335,2137786728.0180302,25.0,9.68577529564754,1.36,False,False,False,False,True,False,False,False,False,False,False,False,False,False,True,False,False,False,False,False,False,False,False,False,False,False,True,False,False,False,False,False,False,False,False,False,False,True,False,False,False,True,False,False,False,False,True,False,False,False,True,False,indexed_wb_2017
Gode Wind 2,54.05,7.03,42.0,Germany,2017.0,252.0,Unknown,,Monopile,TSO,TSO,TSO,TSO-led,26-35,26.0,35.0,30.5,33,33.0,33.0,33.0,,71.22092507823774,EUR 2.2 billion (combined 1+2),1733333333.3333335,2137786728.0180302,25.0,9.68577529564754,1.36,False,False,False,False,True,False,False,False,False,False,False,False,False,False,True,False,False,False,False,False,False,False,False,False,False,False,True,False,False,False,False,False,False,False,False,False,False,True,False,False,False,True,False,False,False,False,True,False,False,False,True,False,indexed_wb_2017
Nordergruende,53.835,8.168,6.0,Germany,2017.0,110.7,Unknown,,Monopile,TSO,TSO,TSO,TSO-led,10,10.0,10.0,10.0,15,15.0,15.0,15.0,,54.969348453569935,EUR 410 million,410000000.0,505668783.7427263,25.0,9.574531664135803,1.28,False,False,False,False,True,False,False,False,False,False,False,False,False,False,True,False,False,False,False,False,False,False,False,False,False,False,True,False,False,False,False,False,False,False,False,False,False,True,False,False,False,True,False,False,False,False,True,False,False,False,True,False,indexed_wb_2017
Sandbank,55.18,6.85,60.0,Germany,2017.0,288.0,Unknown,,Monopile,TSO,TSO,TSO,TSO-led,24-33,24.0,33.0,28.5,90,90.0,90.0,90.0,,180.0236758554273,EUR 1.2 billion,1200000000.0,1480006196.3201747,25.0,9.65794392301423,1.34,False,False,False,False,True,False,False,False,False,False,False,False,False,False,True,False,False,False,False,False,False,False,False,False,False,False,True,False,False,False,False,False,False,False,False,False,False,True,False,False,False,True,False,False,False,False,True,False,False,False,True,False,indexed_wb_2017
Nordsee One,53.979,6.814,41.3,Germany,2017.0,332.0,Unknown,,Monopile,TSO,TSO,TSO,TSO-led,26-29,26.0,29.0,27.5,45,45.0,45.0,45.0,,59.619504275027204,EUR 1.2 billion,1200000000.0,1480006196.3201747,25.0,9.630783111977244,1.34,False,False,False,False,True,False,False,False,False,False,False,False,False,False,True,False,False,False,False,False,False,False,False,False,False,False,True,False,False,False,False,False,False,False,False,False,False,True,False,False,False,True,False,False,False,False,True,False,False,False,True,False,indexed_wb_2017
Wikinger,54.834,14.068,50.0,Germany,2018.0,350.0,Unknown,,Jacket,TSO,TSO,TSO,TSO-led,,,,,35,35.0,35.0,35.0,,65.98154094138772,EUR 1.4 billion,1400000000.0,1697274240.8952034,25.0,9.232911449627261,0.12,False,False,False,False,True,False,False,False,False,False,False,False,False,False,True,False,False,False,False,False,False,False,False,False,True,False,False,False,False,False,False,False,False,False,False,False,False,True,False,False,False,True,False,False,False,False,True,False,False,False,True,False,indexed_wb_2018
Arkona,54.782,14.121,39.0,Germany,2019.0,385.0,Unknown,,Monopile,TSO,TSO,TSO,TSO-led,,,,,35,35.0,35.0,35.0,,67.79401672714178,EUR 1.2 billion,1200000000.0,1434074651.8976567,25.0,9.215475347932164,0.12,False,False,False,False,True,False,False,False,False,False,False,False,False,False,True,False,False,False,False,False,False,False,False,False,False,False,True,False,False,False,False,False,False,False,False,False,False,True,False,False,False,True,False,False,False,False,True,False,False,False,True,False,indexed_wb_2019
Borkum Riffgrund 2,54.966667,6.495556,36.0,Germany,2019.0,450.0,Unknown,,Suction Bucket Jacket / Monopile,TSO,TSO,TSO,TSO-led,27-33,27.0,33.0,30.0,54,54.0,54.0,54.0,,173.14373382342794,EUR 2.3 billion,2300000000.0,2748643082.803842,25.0,9.85285226494992,1.32,False,False,False,False,True,False,False,False,False,False,False,False,False,False,True,False,False,False,False,False,False,False,False,False,False,False,False,False,False,True,False,False,False,False,False,False,False,True,False,False,False,True,False,False,False,False,True,False,False,False,True,False,indexed_wb_2019
Merkur,54.033333,6.55,47.0,Germany,2019.0,396.0,Unknown,,Monopile,TSO,TSO,TSO,TSO-led,27-33,27.0,33.0,30.0,45,45.0,45.0,45.0,,72.38865803279789,EUR 1.6 billion,1600000000.0,1912099535.8635423,25.0,9.666268062994101,1.32,False,False,False,False,True,False,False,False,False,False,False,False,False,False,True,False,False,False,False,False,False,False,False,False,False,False,True,False,False,False,False,False,False,False,False,False,False,True,False,False,False,True,False,False,False,False,True,False,False,False,True,False,indexed_wb_2019
Deutsche Bucht,54.305,5.799,22.6,Germany,2020.0,269.0,Unknown,,Monopile,TSO,TSO,TSO,TSO-led,40,40.0,40.0,40.0,100,100.0,100.0,100.0,,148.81639642525948,EUR 1.4 billion,1400000000.0,1670666666.6666687,25.0,9.82264562714046,1.28,False,False,False,False,True,False,False,False,False,False,False,False,False,False,True,False,False,False,False,False,False,False,False,False,False,False,True,False,False,False,False,False,False,False,False,False,False,True,False,False,False,True,False,False,False,False,True,False,False,False,True,False,indexed_wb_2020
Trianel Windpark Borkum II,54.0417,6.4667,56.0,Germany,2020.0,200.0,Unknown,,Monopile,TSO,TSO,TSO,TSO-led,27-33,27.0,33.0,30.0,45,45.0,45.0,45.0,,77.54277434152054,EUR 800 million,800000000.0,954666666.6666677,25.0,9.706684398872437,1.32,False,False,False,False,True,False,False,False,False,False,False,False,False,False,True,False,False,False,False,False,False,False,False,False,False,False,True,False,False,False,False,False,False,False,False,False,False,True,False,False,False,True,False,False,False,False,True,False,False,False,True,False,indexed_wb_2020
Kaskasi,54.485,7.45,17.0,Germany,2022.0,342.0,Unknown,,Monopile,TSO,TSO,TSO,TSO-led,,,,,35,35.0,35.0,35.0,,134.9676930009548,EUR 800 million,800000000.0,800000000.0,25.0,9.986889920581255,1.4297465753424659,False,False,False,False,True,False,False,False,False,False,False,False,False,False,True,False,False,False,False,False,False,False,False,False,False,False,True,False,False,False,False,False,False,False,False,False,False,True,False,False,False,True,False,False,False,False,True,False,False,False,True,False,recent
Arcadis Ost 1,54.815,13.65,29.0,Germany,2023.0,257.0,Unknown,,Monopile,TSO,TSO,TSO,TSO-led,41-46,41.0,46.0,43.5,19,19.0,19.0,19.0,,37.578049576847214,EUR 570 million,570000000.0,570000000.0,25.0,9.29457351592228,0.6078150684931508,False,False,False,False,True,False,False,False,False,False,False,False,False,False,True,False,False,False,False,False,False,False,False,False,False,False,True,False,False,False,False,False,False,False,False,False,False,True,False,False,False,True,False,False,False,False,True,False,False,False,True,False,recent
Baltic Eagle,54.832,13.84,40.0,Germany,2024.0,476.0,Unknown,,Monopile,TSO,TSO,TSO,TSO-led,41-45,41.0,45.0,43.0,30,30.0,30.0,30.0,,47.80750799822146,EUR 1.6 billion,1600000000.0,1600000000.0,25.0,9.239589166894412,0.5902686703096539,False,False,False,False,True,False,False,False,False,False,False,False,False,False,True,False,False,False,False,False,False,False,False,False,False,False,True,False,False,False,False,False,False,False,False,False,False,True,False,False,False,True,False,False,False,False,True,False,False,False,True,False,recent
Gode Wind 3,53.865,7.151,18.0,Germany,2025.0,253.0,Unknown,,Monopile,TSO,TSO,TSO,TSO-led,,,,,32,32.0,32.0,32.0,,59.27909247787129,EUR 946 million,946000000.0,946000000.0,25.0,9.726675965499371,1.1305890410958903,False,False,False,False,True,False,False,False,False,False,False,False,False,False,True,False,False,False,False,False,False,False,False,False,False,False,True,False,False,False,False,False,False,False,False,False,False,True,False,False,False,True,False,False,False,False,True,False,False,False,True,False,recent
Borkum Riffgrund 3,54.015,6.435,75.0,Germany,2026.0,913.0,Unknown,,Monopile,TSO,TSO,TSO,TSO-led,28-34,28.0,34.0,31.0,110,110.0,110.0,110.0,,76.9374142339084,EUR 2.4 billion,2400000000.0,2400000000.0,25.0,9.755411350391304,1.3120913242009136,False,False,False,False,True,False,False,False,False,False,False,False,False,False,True,False,False,False,False,False,False,False,False,False,False,False,True,False,False,False,False,False,False,False,False,False,False,True,False,False,False,True,False,False,False,False,True,False,False,False,True,False,recent
EnBW He Dreiht,54.212,6.255,63.0,Germany,2026.0,960.0,Unknown,,Monopile,TSO,TSO,TSO,TSO-led,38,38.0,38.0,38.0,85-95,85.0,95.0,90.0,,106.340085574538,EUR 2.4 billion,2400000000.0,2400000000.0,25.0,9.982614927485114,1.3976712328767122,False,False,False,False,True,False,False,False,False,False,False,False,False,False,True,False,False,False,False,False,False,False,False,False,False,False,True,False,False,False,False,False,False,False,False,False,False,True,False,False,False,True,False,False,False,False,True,False,False,False,True,False,recent
Windanker,54.85,13.91,18.0,Germany,2026.0,315.0,Unknown,,Monopile,TSO,TSO,TSO,TSO-led,41-46,41.0,46.0,43.5,38,38.0,38.0,38.0,,54.20449487819268,EUR 1 billion,1000000000.0,1000000000.0,25.0,9.249518998681355,0.5851803652968037,False,False,False,False,True,False,False,False,False,False,False,False,False,False,True,False,False,False,False,False,False,False,False,False,False,False,True,False,False,False,False,False,False,False,False,False,False,True,False,False,False,True,False,False,False,False,True,False,False,False,True,False,recent
Nordseecluster A,54.12,6.85,40.0,Germany,2027.0,660.0,Unknown,,Monopile,TSO,TSO,TSO,TSO-led,,,,,50,50.0,50.0,50.0,,75.30914412606184,EUR 1.4 billion (combined A+B),1400000000.0,1400000000.0,25.0,9.68703092547623,1.3025479452054793,False,False,False,False,True,False,False,False,False,False,False,False,False,False,True,False,False,False,False,False,False,False,False,False,False,False,True,False,False,False,False,False,False,False,False,False,False,True,False,False,False,True,False,False,False,False,True,False,False,False,True,False,recent
Nordseecluster B,54.15,6.95,60.0,Germany,2029.0,900.0,Unknown,,Monopile,TSO,TSO,TSO,TSO-led,,,,,50,50.0,50.0,50.0,,79.80344208741857,EUR 1.4 billion (combined A+B),1400000000.0,1400000000.0,25.0,9.693801156314473,1.2940159817351597,False,False,False,False,True,False,False,False,False,False,False,False,False,False,True,False,False,False,False,False,False,False,False,False,False,False,True,False,False,False,False,False,False,False,False,False,False,True,False,False,False,True,False,False,False,False,True,False,False,False,True,False,recent
Nordlicht 1,54.21,6.12,115.0,Germany,2028.0,980.0,Unknown,,Monopile,TSO,TSO,TSO,TSO-led,37-39,37.0,39.0,38.0,96,96.0,96.0,96.0,,115.71977587690019,EUR 5 billion (combined 1+2),2666666666.6666665,2666666666.6666665,25.0,9.978520235542192,1.416785388127854,False,False,False,False,True,False,False,False,False,False,False,False,False,False,True,False,False,False,False,False,False,False,False,False,False,False,True,False,False,False,False,False,False,False,False,False,False,True,False,False,False,True,False,False,False,False,True,False,False,False,True,False,recent
Nordlicht 2,54.18,6.18,50.0,Germany,2028.0,630.0,Unknown,,Monopile,TSO,TSO,TSO,TSO-led,,,,,85-96,85.0,96.0,90.5,,108.79523311708101,EUR 5 billion (combined 1+2),2666666666.6666665,2666666666.6666665,25.0,9.977205806864784,1.4068835616438355,False,False,False,False,True,False,False,False,False,False,False,False,False,False,True,False,False,False,False,False,False,False,False,False,False,False,True,False,False,False,False,False,False,False,False,False,False,True,False,False,False,True,False,False,False,False,True,False,False,False,True,False,recent
Gennaker,54.609,12.609,45.0,Germany,2028.0,976.5,Unknown,,Monopile,TSO,TSO,TSO,TSO-led,,,,,15,15.0,15.0,15.0,,75.71959601219497,EUR 3.1 billion,3100000000.0,3100000000.0,25.0,9.39732531695795,0.5730205479452055,False,False,False,False,True,False,False,False,False,False,False,False,False,False,True,False,False,False,False,False,False,False,False,False,False,False,True,False,False,False,False,False,False,False,False,False,False,True,False,False,False,True,False,False,False,False,True,False,False,False,True,False,recent
Vindeby,54.962,11.13,0.4,Denmark,1991.0,4.95,Unknown,,Gravity-based,TSO,TSO,TSO,TSO-led,2-4,2.0,4.0,3.0,1.5-3,1.5,3.0,2.25,,93.53559750704521,EUR 10 million,10000000.0,18803501.470986914,25.0,9.291118469754691,0.2,False,True,False,False,False,False,False,False,False,False,False,False,False,False,True,False,False,False,False,False,False,False,True,False,False,False,False,False,False,False,False,False,False,False,False,False,False,True,False,False,False,True,False,False,False,False,True,False,False,False,True,False,indexed_wb_1991
Tunoe Knob,55.967,10.354,0.8,Denmark,1995.0,5.0,Unknown,,Gravity-based,TSO,TSO,TSO,TSO-led,3-6,3.0,6.0,4.5,6,6.0,6.0,6.0,,50.927109676477784,GBP 10 million,12500000.0,21836795.715707056,25.0,9.018299190284498,0.28,False,True,False,False,False,False,False,False,False,False,False,False,False,False,True,False,False,False,False,False,False,False,True,False,False,False,False,False,False,False,False,False,False,False,False,False,False,True,False,False,False,True,False,False,False,False,True,False,False,False,True,False,indexed_wb_1995
Middelgrunden,55.69,12.666,1.0,Denmark,2000.0,40.0,Unknown,,Gravity-based,TSO,TSO,TSO,TSO-led,3-6,3.0,6.0,4.5,2,2.0,2.0,2.0,,58.476776390290055,EUR 48 million,48000000.0,74803375.86652464,25.0,8.8538817659472,0.04,False,True,False,False,False,False,False,False,False,False,False,False,False,False,True,False,False,False,False,False,False,False,True,False,False,False,False,False,False,False,False,False,False,False,False,False,False,True,False,False,False,True,False,False,False,False,True,False,False,False,True,False,indexed_wb_2000
Horns Rev 1,55.475,7.842,20.0,Denmark,2002.0,160.0,Unknown,,Monopile,TSO,TSO,TSO,TSO-led,6-14,6.0,14.0,10.0,14-20,14.0,20.0,17.0,,67.15645857920144,DKK 2 billion,268944000.0,399854384.9843588,25.0,9.482484585239177,1.28,False,True,False,False,False,False,False,False,False,False,False,False,False,False,True,False,False,False,False,False,False,False,False,False,False,False,True,False,False,False,False,False,False,False,False,False,False,True,False,False,False,True,False,False,False,False,True,False,False,False,True,False,indexed_wb_2002
Ronland,56.657,8.218,0.5,Denmark,2003.0,17.2,Unknown,,Unknown,TSO,TSO,TSO,TSO-led,,,,,0.1,0.1,0.1,0.1,,4.663321241347376,EUR 20 million,20000000.0,29130656.85974051,25.0,9.842044027900787,1.26,False,True,False,False,False,False,False,False,False,False,False,False,False,False,True,False,False,False,False,False,False,False,False,False,False,False,False,False,False,False,False,False,False,False,True,False,False,True,False,False,False,True,False,False,False,False,True,False,False,False,True,False,indexed_wb_2003
Nysted (Rodsand I),54.55,11.715,26.0,Denmark,2003.0,165.6,Unknown,,Gravity-based,TSO,TSO,TSO,TSO-led,6-12,6.0,12.0,9.0,10,10.0,10.0,10.0,,63.93554231606995,DKK 1600 million,215377600.0,313704548.0437224,25.0,9.472096302928305,0.08,False,True,False,False,False,False,False,False,False,False,False,False,False,False,True,False,False,False,False,False,False,False,True,False,False,False,False,False,False,False,False,False,False,False,False,False,False,True,False,False,False,True,False,False,False,False,True,False,False,False,True,False,indexed_wb_2003
Samso,55.72,10.63,5.0,Denmark,2003.0,23.0,Unknown,,Monopile,TSO,TSO,TSO,TSO-led,12,12.0,12.0,12.0,3.5,3.5,3.5,3.5,,24.050142307271347,EUR 57-78.7 million,67850000.0,98825753.39666967,25.0,9.50734194869231,0.42,False,True,False,False,False,False,False,False,False,False,False,False,False,False,True,False,False,False,False,False,False,False,False,False,False,False,True,False,False,False,False,False,False,False,False,False,False,True,False,False,False,True,False,False,False,False,True,False,False,False,True,False,indexed_wb_2003
Sprogo,55.341,10.952,1.2,Denmark,2009.0,21.0,Unknown,,Gravity-based,TSO,TSO,TSO,TSO-led,6-16,6.0,16.0,11.0,10,10.0,10.0,10.0,,53.263810040213954,DKK 21.4 billion,2872243800.0,3740633184.17976,25.0,9.223641386895803,0.32,False,True,False,False,False,False,False,False,False,False,False,False,False,False,True,False,False,False,False,False,False,False,True,False,False,False,False,False,False,False,False,False,False,False,False,False,False,True,False,False,False,True,False,False,False,False,True,False,False,False,True,False,indexed_wb_2009
Horns Rev 2,55.6,7.585,33.0,Denmark,2009.0,209.0,Unknown,,Monopile,TSO,TSO,TSO,TSO-led,10,10.0,10.0,10.0,32,32.0,32.0,32.0,,96.86672430974428,USD 1 billion,718546000.0,935789995.2502743,25.0,9.5385940462287,1.34,False,True,False,False,False,False,False,False,False,False,False,False,False,False,True,False,False,False,False,False,False,False,False,False,False,False,True,False,False,False,False,False,False,False,False,False,False,True,False,False,False,True,False,False,False,False,True,False,False,False,True,False,indexed_wb_2009
Avedore Holme,55.602,12.482,0.1,Denmark,2009.0,10.8,Unknown,,Unknown,TSO,TSO,TSO,TSO-led,,,,,0,0.0,0.0,0.0,,35.843376417407704,DKK 2.3 billion,308699100.0,402030669.3277312,25.0,8.840929987125893,0.04,False,True,False,False,False,False,False,False,False,False,False,False,False,False,True,False,False,False,False,False,False,False,False,False,False,False,False,False,False,False,False,False,False,False,True,False,False,True,False,False,False,True,False,False,False,False,True,False,False,False,True,False,indexed_wb_2009
Rodsand II,54.558,11.545,34.0,Denmark,2010.0,207.0,Unknown,,Gravity-based,TSO,TSO,TSO,TSO-led,5-13,5.0,13.0,9.0,8.8,8.8,8.8,8.8,,78.79070943486929,EUR 450 million,450000000.0,572814927.2386395,25.0,9.347863758461191,0.06,False,True,False,False,False,False,False,False,False,False,False,False,False,False,True,False,False,False,False,False,False,False,True,False,False,False,False,False,False,False,False,False,False,False,False,False,False,True,False,False,False,True,False,False,False,False,True,False,False,False,True,False,indexed_wb_2010
Anholt,56.598,11.205,88.0,Denmark,2013.0,400.0,Unknown,,Monopile,TSO,TSO,TSO,TSO-led,15-19,15.0,19.0,17.0,15,15.0,15.0,15.0,,37.29234111516743,DKK 10 billion,1340300000.0,1608721053.960784,25.0,9.209158523386058,0.52,False,True,False,False,False,False,False,False,False,False,False,False,False,False,True,False,False,False,False,False,False,False,False,False,False,False,True,False,False,False,False,False,False,False,False,False,False,True,False,False,False,True,False,False,False,False,True,False,False,False,True,False,indexed_wb_2013
Horns Rev 3,55.705,7.68,44.0,Denmark,2019.0,407.0,Unknown,,Monopile,TSO,TSO,TSO,TSO-led,11-19,11.0,19.0,15.0,25-30,25.0,30.0,27.5,,89.25356012227189,GBP 1 billion,1117905000.0,1289570347.087381,25.0,9.526989995053569,1.36,False,True,False,False,False,False,False,False,False,False,False,False,False,False,True,False,False,False,False,False,False,False,False,False,False,False,True,False,False,False,False,False,False,False,False,False,False,True,False,False,False,True,False,False,False,False,True,False,False,False,True,False,indexed_wb_2019
Kriegers Flak,55.02,12.82,132.0,Denmark,2021.0,605.0,Unknown,,Monopile,Developer,Developer,Developer,Developer-led,15-25,15.0,25.0,20.0,15-40,15.0,40.0,27.5,,84.46078913318281,EUR 1.3 billion,1300000000.0,1300000000.0,25.0,9.445088195522231,0.851501133786848,False,True,False,False,False,False,False,False,False,False,False,False,False,False,True,False,False,False,False,False,False,False,False,False,False,False,True,False,False,False,False,False,False,False,False,True,False,False,False,True,False,False,False,True,False,False,False,False,True,False,False,False,recent
Vesterhav Nord,56.618,8.046,15.0,Denmark,2024.0,176.0,Unknown,,Monopile,Developer,Developer,Developer,Developer-led,20,20.0,20.0,20.0,5.5-10,5.5,10.0,7.75,,21.002772245586936,EUR 769 million (combined N+S),769000000.0,769000000.0,25.0,9.833853726537294,1.4282354280510017,False,True,False,False,False,False,False,False,False,False,False,False,False,False,True,False,False,False,False,False,False,False,False,False,False,False,True,False,False,False,False,False,False,False,False,True,False,False,False,True,False,False,False,True,False,False,False,False,True,False,False,False,recent
Vesterhav Syd,56.078,8.012,14.0,Denmark,2024.0,168.0,Unknown,,Monopile,Developer,Developer,Developer,Developer-led,20,20.0,20.0,20.0,5.5-10,5.5,10.0,7.75,,72.58975675672103,EUR 769 million (combined N+S),769000000.0,769000000.0,25.0,9.474119545804463,1.3261316029143897,False,True,False,False,False,False,False,False,False,False,False,False,False,False,True,False,False,False,False,False,False,False,False,False,False,False,True,False,False,False,False,False,False,False,False,True,False,False,False,True,False,False,False,True,False,False,False,False,True,False,False,False,recent
Thor,56.33,7.68,285.0,Denmark,2027.0,1080.0,Unknown,,Monopile,Developer,Developer,Developer,Developer-led,27,27.0,27.0,27.0,22,22.0,22.0,22.0,,72.3231230658633,DKK 15.5 billion,2074241000.0,2074241000.0,25.0,9.621305141402026,1.4475502283105022,False,True,False,False,False,False,False,False,False,False,False,False,False,False,True,False,False,False,False,False,False,False,False,False,False,False,True,False,False,False,False,False,False,False,False,True,False,False,False,True,False,False,False,True,False,False,False,False,True,False,False,False,recent
Bornholm Energy Island,54.7,14.65,250.0,Denmark,2030.0,3000.0,Unknown,,Unknown,Developer,Developer,Developer,Developer-led,,,,,15,15.0,15.0,15.0,,44.61094280913537,EUR 9 billion,9000000000.0,9000000000.0,25.0,9.357912001606353,0.7982488584474886,False,True,False,False,False,False,False,False,False,False,False,False,False,False,True,False,False,False,False,False,False,False,False,False,False,False,False,False,False,False,False,False,False,False,True,True,False,False,False,True,False,False,False,True,False,False,False,False,True,False,False,False,recent
Lillgrund,55.51,12.78,10.0,Sweden,2007.0,110.0,Unknown,,Gravity-based,Developer,Developer,Developer,Developer-led,4-8,4.0,8.0,6.0,7,7.0,7.0,7.0,,65.23183947276041,SEK 1.8 billion,199107000.0,284533054.38408816,25.0,9.253989924305428,0.04,False,False,False,False,False,False,False,False,False,False,False,True,False,False,True,False,False,False,False,False,False,False,True,False,False,False,False,False,False,False,False,False,False,False,False,True,False,False,False,True,False,False,False,True,False,False,False,False,True,False,False,False,indexed_wb_2007
Karehamn,56.96,16.98,7.0,Sweden,2013.0,48.0,Unknown,,Gravity-based,Developer,Developer,Developer,Developer-led,20.5,20.5,20.5,20.5,7,7.0,7.0,7.0,,326.58961527017385,EUR 120 million,120000000.0,158628697.58111688,25.0,8.47002888074703,0.4,False,False,False,False,False,False,False,False,False,False,False,True,False,False,True,False,False,False,False,False,False,False,True,False,False,False,False,False,False,False,False,False,False,False,False,True,False,False,False,True,False,False,False,True,False,False,False,False,True,False,False,False,indexed_wb_2013
Hywind Scotland,57.48,-1.35,4.0,Norway,2017.0,30.0,Unknown,,Floating spar buoy,Developer,Developer,Developer,Developer-led,95-120,95.0,120.0,107.5,29,29.0,29.0,29.0,,211.8375893202146,GBP 264 million,308346456.0,390603030.91997904,25.0,9.784823766092082,2.08,False,False,False,False,False,False,False,False,True,False,False,False,False,False,True,False,False,False,False,False,False,True,False,False,False,False,False,False,False,False,False,False,False,False,False,True,False,False,False,True,False,False,False,True,False,False,False,False,True,False,False,False,indexed_wb_2017
Hywind Tampen,61.329972,2.7,,Norway,2023.0,88.0,Unknown,,Floating concrete spar buoy,Developer,Developer,Developer,Developer-led,260-300,260.0,300.0,280.0,140,140.0,140.0,140.0,,270.7557478123758,NOK 7.4 billion,703836200.0,703836200.0,25.0,9.437192045521014,2.5066803652968037,False,False,False,False,False,False,False,False,True,False,False,False,False,False,True,False,False,False,True,False,False,False,False,False,False,False,False,False,False,False,False,False,False,False,False,True,False,False,False,True,False,False,False,True,False,False,False,False,True,False,False,False,recent
Korsnas,62.93,21.18,,Finland,2034.0,2500.0,Unknown,,Unknown,Unknown,Unknown,Unknown,Unknown,,,,,15,15.0,15.0,15.0,,989.1215621000532,EUR 2-3 billion,2500000000.0,2500000000.0,25.0,8.681211106002179,0.43170319634703197,False,False,True,False,False,False,False,False,False,False,False,False,False,False,True,False,False,False,False,False,False,False,False,False,False,False,False,False,False,False,False,False,False,False,True,False,False,False,True,False,False,False,True,False,False,False,False,True,False,False,False,True,recent
Egmond aan Zee (OWEZ),52.5894,4.41,,Netherlands,2007.0,108.0,Unknown,,Monopile,Developer,Developer,TSO,Developer-led,12-20,12.0,20.0,16.0,10-18,10.0,18.0,14.0,,79.37720518039166,EUR 200 million,200000000.0,298858043.86258405,20.0,9.051701051641816,1.24,False,False,False,False,False,False,False,True,False,False,False,False,False,False,True,False,False,False,False,False,False,False,False,False,False,False,True,False,False,False,False,False,False,False,False,True,False,False,False,True,False,False,False,False,False,False,True,False,True,False,False,False,indexed_wb_2007
Prinses Amalia,52.5894,4.2064,,Netherlands,2008.0,120.0,Unknown,,Monopile,Developer,Developer,TSO,Developer-led,19-24,19.0,24.0,21.5,23,23.0,23.0,23.0,,78.69480803363074,EUR 383 million,383000000.0,558427834.8112319,20.0,9.107113288259008,1.3,False,False,False,False,False,False,False,True,False,False,False,False,False,False,True,False,False,False,False,False,False,False,False,False,False,False,True,False,False,False,False,False,False,False,False,True,False,False,False,True,False,False,False,False,False,False,True,False,True,False,False,False,indexed_wb_2008
Luchterduinen,52.4167,4.17,,Netherlands,2015.0,129.0,Unknown,,Monopile,Developer,Developer,TSO,Developer-led,18-24,18.0,24.0,21.0,23,23.0,23.0,23.0,,60.42354916239204,EUR 450 million,450000000.0,586387499.9999992,25.0,9.119384616904178,1.16,False,False,False,False,False,False,False,True,False,False,False,False,False,False,True,False,False,False,False,False,False,False,False,False,False,False,True,False,False,False,False,False,False,False,False,True,False,False,False,True,False,False,False,False,False,False,True,False,True,False,False,False,indexed_wb_2015
Gemini,54.0333,6.02,,Netherlands,2017.0,600.0,Unknown,,Monopile,TSO,TSO,TSO,TSO-led,28-36,28.0,36.0,32.0,85,85.0,85.0,85.0,,110.87009227690741,EUR 2.8 billion,2800000000.0,3587555205.9520206,25.0,9.92083412449738,1.3,False,False,False,False,False,False,False,True,False,False,False,False,False,False,True,False,False,False,False,False,False,False,False,False,False,False,True,False,False,False,False,False,False,False,False,False,False,True,False,False,False,True,False,False,False,False,True,False,False,False,True,False,indexed_wb_2017
Borssele III and IV,51.705,2.98,,Netherlands,2021.0,731.5,Unknown,,Monopile,TSO,TSO,TSO,TSO-led,16-38,16.0,38.0,27.0,22,22.0,22.0,22.0,,53.246920981405275,EUR 1.3 billion,1300000000.0,1300000000.0,25.0,8.98849136216238,1.3122267573696145,False,False,False,False,False,False,False,True,False,False,False,False,False,False,True,False,False,False,False,False,False,False,False,False,False,False,True,False,False,False,False,False,False,False,False,False,False,True,False,False,False,True,False,False,False,False,True,False,False,False,True,False,recent
Hollandse Kust Noord,52.65389,4.25,,Netherlands,2023.0,759.0,Unknown,,Monopile,TSO,TSO,TSO,TSO-led,18-24,18.0,24.0,21.0,18.5,18.5,18.5,18.5,,85.443955871636,EUR 1.4 billion,1400000000.0,1400000000.0,25.0,9.106595534140299,1.2564931506849317,False,False,False,False,False,False,False,True,False,False,False,False,False,False,True,False,False,False,False,False,False,False,False,False,False,False,True,False,False,False,False,False,False,False,False,False,False,True,False,False,False,True,False,False,False,False,True,False,False,False,True,False,recent
C-Power,51.55167,2.97,,Belgium,2013.0,325.0,Unknown,,Gravity-based / Jacket,Developer,Developer,TSO,Developer-led,12-27,12.0,27.0,19.5,30,30.0,30.0,30.0,,36.261610221237234,EUR 1.3 billion,1300000000.0,1716534304.4525425,25.0,8.914059079389649,1.78,True,False,False,False,False,False,False,False,False,False,False,False,False,False,True,False,False,False,False,False,False,False,False,True,False,False,False,False,False,False,False,False,False,False,False,True,False,False,False,True,False,False,False,False,False,False,True,False,True,False,False,False,indexed_wb_2013
Belwind,51.67,2.8,,Belgium,2010.0,171.0,Unknown,,Monopile,Developer,Developer,TSO,Developer-led,25-30,25.0,30.0,27.5,46,46.0,46.0,46.0,,50.42491892903798,EUR 614 million,614000000.0,872811598.3635927,25.0,9.025022580958334,1.78,True,False,False,False,False,False,False,False,False,False,False,False,False,False,True,False,False,False,False,False,False,False,False,False,False,False,True,False,False,False,False,False,False,False,False,True,False,False,False,True,False,False,False,False,False,False,True,False,True,False,False,False,indexed_wb_2010
Northwind,51.619,2.9,,Belgium,2014.0,216.0,Unknown,,Monopile,Developer,Developer,TSO,Developer-led,16-29,16.0,29.0,22.5,37,37.0,37.0,37.0,,43.203105096740764,EUR 883 million,883000000.0,1161972177.6973042,25.0,8.97912614379583,1.78,True,False,False,False,False,False,False,False,False,False,False,False,False,False,True,False,False,False,False,False,False,False,False,False,False,False,True,False,False,False,False,False,False,False,False,True,False,False,False,True,False,False,False,False,False,False,True,False,True,False,False,False,indexed_wb_2014
Nobelwind,51.66333333,2.83,,Belgium,2017.0,165.0,Unknown,,Monopile,Developer,Developer,TSO,Developer-led,26-38,26.0,38.0,32.0,47,47.0,47.0,47.0,,48.974374252317276,EUR 655 million,655000000.0,823037954.6067339,25.0,9.02045001269648,1.78,True,False,False,False,False,False,False,False,False,False,False,False,False,False,True,False,False,False,False,False,False,False,False,False,False,False,True,False,False,False,False,False,False,False,False,True,False,False,False,True,False,False,False,False,False,False,True,False,True,False,False,False,indexed_wb_2017
Rentel,51.59111,2.94,,Belgium,2018.0,309.0,Unknown,,Monopile,Developer,Developer,TSO,Developer-led,22-36,22.0,36.0,29.0,34,34.0,34.0,34.0,,40.195095881265566,EUR 1.1 billion,1100000000.0,1354393217.6521373,25.0,8.951202423131521,1.78,True,False,False,False,False,False,False,False,False,False,False,False,False,False,True,False,False,False,False,False,False,False,False,False,False,False,True,False,False,False,False,False,False,False,False,True,False,False,False,True,False,False,False,False,False,False,True,False,True,False,False,False,indexed_wb_2018
Norther,51.528056,3.02,,Belgium,2019.0,370.0,Unknown,,Monopile,TSO,TSO,TSO,TSO-led,33,33.0,33.0,33.0,23,23.0,23.0,23.0,,35.151507468879274,EUR 1.2 billion,1200000000.0,1456591285.1627066,25.0,8.913402380539296,1.76,True,False,False,False,False,False,False,False,False,False,False,False,False,False,True,False,False,False,False,False,False,False,False,False,False,False,True,False,False,False,False,False,False,False,False,False,False,True,False,False,False,True,False,False,False,False,True,False,False,False,True,False,indexed_wb_2019
Northwester 2,51.6875,2.76,,Belgium,2020.0,219.0,Unknown,,Monopile,TSO,TSO,TSO,TSO-led,40,40.0,40.0,40.0,52,52.0,52.0,52.0,,53.54703161940945,EUR 700 million,700000000.0,843430187.9044567,25.0,9.044524122452062,1.78,True,False,False,False,False,False,False,False,False,False,False,False,False,False,True,False,False,False,False,False,False,False,False,False,False,False,True,False,False,False,False,False,False,False,False,False,False,True,False,False,False,True,False,False,False,False,True,False,False,False,True,False,indexed_wb_2020
SeaMade,51.721,2.79,,Belgium,2020.0,487.0,Unknown,,Monopile,TSO,TSO,TSO,TSO-led,38-40,38.0,40.0,39.0,40-54,40.0,54.0,47.0,,56.18508173883878,EUR 1.3 billion,1300000000.0,1566370348.9654195,25.0,9.037444126316426,1.78,True,False,False,False,False,False,False,False,False,False,False,False,False,False,True,False,False,False,False,False,False,False,False,False,False,False,True,False,False,False,False,False,False,False,False,False,False,True,False,False,False,True,False,False,False,False,True,False,False,False,True,False,indexed_wb_2020
Saint-Nazaire,47.13,-2.78,,France,2022.0,480.0,Unknown,,Monopile,TSO,TSO,TSO,TSO-led,12-25,12.0,25.0,18.5,12-20,12.0,20.0,16.0,,65.1504758232816,EUR 2 billion,2000000000.0,2000000000.0,25.0,8.57883316765928,1.7234200913242008,False,False,False,True,False,False,False,False,False,False,False,False,False,False,True,False,False,False,False,False,False,False,False,False,False,False,True,False,False,False,False,False,False,False,False,False,False,True,False,False,False,True,False,False,False,False,True,False,False,False,True,False,recent
Saint-Brieuc,48.72,-2.76,,France,2024.0,496.0,Unknown,,Jacket,TSO,TSO,TSO,TSO-led,30,30.0,30.0,30.0,16.3,16.3,16.3,16.3,,172.1394928539057,EUR 2.4 billion,2400000000.0,2400000000.0,25.0,8.25744959581511,0.5452982695810564,False,False,False,True,False,False,False,False,False,False,False,False,False,False,True,False,False,False,False,False,False,False,False,False,True,False,False,False,False,False,False,False,False,False,False,False,False,True,False,False,False,True,False,False,False,False,True,False,False,False,True,False,recent
Fecamp,49.85,0.18,,France,2024.0,497.0,Unknown,,Gravity-based,TSO,TSO,TSO,TSO-led,25-30,25.0,30.0,27.5,13-24,13.0,24.0,18.5,,339.8429375005457,EUR 2 billion,2000000000.0,2000000000.0,25.0,8.577062122447261,0.995384790528233,False,False,False,True,False,False,False,False,False,False,False,False,False,False,True,False,False,False,False,False,False,False,True,False,False,False,False,False,False,False,False,False,False,False,False,False,False,True,False,False,False,True,False,False,False,False,True,False,False,False,True,False,recent
Courseulles-sur-Mer,49.45,-0.51,,France,2027.0,448.0,Unknown,,Monopile,TSO,TSO,TSO,TSO-led,22-31,22.0,31.0,26.5,16,16.0,16.0,16.0,,306.858290420839,EUR 2 billion,2000000000.0,2000000000.0,25.0,8.651976204978395,0.5190022831050228,False,False,False,True,False,False,False,False,False,False,False,False,False,False,True,False,False,False,False,False,False,False,False,False,False,False,True,False,False,False,False,False,False,False,False,False,False,True,False,False,False,True,False,False,False,False,True,False,False,False,True,False,recent
Dieppe-Le Treport,50.12,1.3,,France,2027.0,500.0,Unknown,,Jacket,TSO,TSO,TSO,TSO-led,14-25,14.0,25.0,19.5,15.5,15.5,15.5,15.5,,217.34097623089846,EUR 2.7 billion,2700000000.0,2700000000.0,25.0,8.496253984502358,0.9073675799086759,False,False,False,True,False,False,False,False,False,False,False,False,False,False,True,False,False,False,False,False,False,False,False,False,True,False,False,False,False,False,False,False,False,False,False,False,False,True,False,False,False,True,False,False,False,False,True,False,False,False,True,False,recent
Yeu-Noirmoutier,46.95,-2.47,,France,2025.0,496.0,Unknown,,Monopile,TSO,TSO,TSO,TSO-led,19-36,19.0,36.0,27.5,11.7,11.7,11.7,11.7,,45.766472444356076,EUR 2-2.5 billion,2250000000.0,2250000000.0,22.5,8.504974377681016,1.7008127853881279,False,False,False,True,False,False,False,False,False,False,False,False,False,False,True,False,False,False,False,False,False,False,False,False,False,False,True,False,False,False,False,False,False,False,False,False,False,True,False,False,False,True,False,False,False,False,True,False,False,False,True,False,recent
Dunkirk,51.12,2.1,,France,2028.0,600.0,Unknown,,Monopile,TSO,TSO,TSO,TSO-led,30,30.0,30.0,30.0,10,10.0,10.0,10.0,,91.06526862091823,EUR 1.4 billion,1400000000.0,1400000000.0,25.0,9.313147892758671,0.9080045662100457,False,False,False,True,False,False,False,False,False,False,False,False,False,False,True,False,False,False,False,False,False,False,False,False,False,False,True,False,False,False,False,False,False,False,False,False,False,True,False,False,False,True,False,False,False,False,True,False,False,False,True,False,recent
Provence Grand Large,43.33,5.1,,France,2025.0,25.0,Unknown,,Floating TLP,TSO,TSO,TSO,TSO-led,70-100,70.0,100.0,85.0,17,17.0,17.0,17.0,,909.881624745219,EUR 300 million,300000000.0,300000000.0,25.0,8.701995174804694,0.7651415525114155,False,False,False,True,False,False,False,False,False,False,False,False,False,False,True,False,True,False,False,False,False,False,False,False,False,False,False,False,False,False,False,False,False,False,False,False,False,True,False,False,False,True,False,False,False,False,True,False,False,False,True,False,recent
EolMed,42.85,3.2,,France,2025.0,30.0,Unknown,,Floating damping pool,TSO,TSO,TSO,TSO-led,60,60.0,60.0,60.0,15-18,15.0,18.0,16.5,,775.4484151121854,EUR 212 million,212000000.0,212000000.0,25.0,9.534640636788268,0.6967945205479452,False,False,False,True,False,False,False,False,False,False,False,False,False,False,True,False,False,False,False,True,False,False,False,False,False,False,False,False,False,False,False,False,False,False,False,False,False,True,False,False,False,True,False,False,False,False,True,False,False,False,True,False,recent
Centre Manche 2,49.55,-1.25,,France,2033.0,1500.0,Unknown,,Unknown,TSO,TSO,TSO,TSO-led,,,,,40,40.0,40.0,40.0,,274.5988346661356,EUR 4.5 billion,4500000000.0,4500000000.0,25.0,8.102677766938584,0.44945890410958905,False,False,False,True,False,False,False,False,False,False,False,False,False,False,True,False,False,False,False,False,False,False,False,False,False,False,False,False,False,False,False,False,False,False,True,False,False,True,False,False,False,True,False,False,False,False,True,False,False,False,True,False,recent
Arklow Bank Phase 2,52.8,-5.9,,Ireland,2029.0,800.0,Unknown,,Monopile,Unknown,Unknown,Unknown,Unknown,,,,,10,10.0,10.0,10.0,,200.91306627494419,EUR 2.5 billion,2500000000.0,2500000000.0,25.0,9.01264411842309,0.9911095890410958,False,False,False,False,False,True,False,False,False,False,False,False,False,False,True,False,False,False,False,False,False,False,False,False,False,False,True,False,False,False,False,False,False,False,False,False,False,False,True,False,False,False,True,False,False,False,False,True,False,False,False,True,recent
Baltic Power,55.1,17.5,,Poland,2026.0,1140.0,Unknown,,Monopile,Developer,Developer,Developer/TSO,Developer-led,40,40.0,40.0,40.0,23,23.0,23.0,23.0,,153.14964291584207,PLN 10 billion,2369110000.0,2369110000.0,25.0,9.124365839347432,1.0149406392694065,False,False,False,False,False,False,False,False,False,True,False,False,False,False,True,False,False,False,False,False,False,False,False,False,False,False,True,False,False,False,False,False,False,False,False,True,False,False,False,True,False,False,False,False,True,False,False,False,True,False,False,False,recent
Baltica 2,55.15,17.3,,Poland,2027.0,1498.0,Unknown,,Monopile,Developer,Developer,Developer/TSO,Developer-led,25-40,25.0,40.0,32.5,40,40.0,40.0,40.0,,175.10774207684207,PLN 30 billion (combined 2+3),2756903333.333333,2756903333.333333,25.0,9.167812867098968,1.0126735159817353,False,False,False,False,False,False,False,False,False,True,False,False,False,False,True,False,False,False,False,False,False,False,False,False,False,False,True,False,False,False,False,False,False,False,False,True,False,False,False,True,False,False,False,False,True,False,False,False,True,False,False,False,recent
Baltica 3,55.2,17.4,,Poland,2029.0,1036.0,Unknown,,Monopile,Developer,Developer,Developer/TSO,Developer-led,,,,,34,34.0,34.0,34.0,,168.45636071472634,PLN 30 billion (combined 2+3),2756903333.333333,2756903333.333333,25.0,9.19811830052636,1.0330570776255705,False,False,False,False,False,False,False,False,False,True,False,False,False,False,True,False,False,False,False,False,False,False,False,False,False,False,True,False,False,False,False,False,False,False,False,True,False,False,False,True,False,False,False,False,True,False,False,False,True,False,False,False,recent
MFW Baltyk II,55.08,16.9,,Poland,2028.0,720.0,Unknown,,Monopile,Developer,Developer,Developer/TSO,Developer-led,25-40,25.0,40.0,32.5,37,37.0,37.0,37.0,,211.9527270153652,PLN 27 billion (combined II+III),6380262000.0,6380262000.0,25.0,9.157893255593356,0.984849315068493,False,False,False,False,False,False,False,False,False,True,False,False,False,False,True,False,False,False,False,False,False,False,False,False,False,False,True,False,False,False,False,False,False,False,False,True,False,False,False,True,False,False,False,False,True,False,False,False,True,False,False,False,recent
MFW Baltyk III,55.12,16.85,,Poland,2028.0,720.0,Unknown,,Monopile,Developer,Developer,Developer/TSO,Developer-led,25-40,25.0,40.0,32.5,22,22.0,22.0,22.0,,218.75622633710285,PLN 27 billion (combined II+III),6380262000.0,6380262000.0,25.0,9.201394742487848,0.999417808219178,False,False,False,False,False,False,False,False,False,True,False,False,False,False,True,False,False,False,False,False,False,False,False,False,False,False,True,False,False,False,False,False,False,False,False,True,False,False,False,True,False,False,False,False,True,False,False,False,True,False,False,False,recent
BC-Wind,55.18,17.2,,Poland,2028.0,390.0,Unknown,,Unknown,Developer,Developer,Developer/TSO,Developer-led,,,,,23,23.0,23.0,23.0,,186.43471079509285,EUR 2 billion,2000000000.0,2000000000.0,25.0,9.192007573305839,1.0272054794520549,False,False,False,False,False,False,False,False,False,True,False,False,False,False,True,False,False,False,False,False,False,False,False,False,False,False,False,False,False,False,False,False,False,False,True,True,False,False,False,True,False,False,False,False,True,False,False,False,True,False,False,False,recent
WindFloat Atlantic,41.68,-9.0,,Portugal,2020.0,25.0,Unknown,,Floating semi-submersible,Unknown,Unknown,Unknown,Unknown,100,100.0,100.0,100.0,20,20.0,20.0,20.0,,216.87934341471959,EUR 125 million,125000000.0,145821746.18958575,25.0,7.840153483706984,2.64,False,False,False,False,False,False,False,False,False,False,True,False,False,False,True,False,False,False,False,False,True,False,False,False,False,False,False,False,False,False,False,False,False,False,False,False,False,False,True,False,False,False,True,False,False,False,False,True,False,False,False,True,indexed_wb_2020
Beleolico,40.47,18.5,,Italy,2022.0,30.0,Unknown,,Monopile,Unknown,Unknown,Unknown,Unknown,4-18,4.0,18.0,11.0,3,3.0,3.0,3.0,,140.96999999999994,EUR 80 million,80000000.0,80000000.0,25.0,7.350712963634209,0.6512602739726028,False,False,False,False,False,False,True,False,False,False,False,False,False,False,True,False,False,False,False,False,False,False,False,False,False,False,True,False,False,False,False,False,False,False,False,False,False,False,True,False,False,False,True,False,False,False,False,True,False,False,False,True,recent
7 Seas Med,37.2,12.5,,Italy,,250.0,Unknown,,Floating TetraSpar,Unknown,Unknown,Unknown,Unknown,200-350,200.0,350.0,275.0,35,35.0,35.0,35.0,,638.2818513791535,EUR 741 million,741000000.0,741000000.0,25.0,7.518279021549464,0.9999703196347032,False,False,False,False,False,False,True,False,False,False,False,False,False,False,True,False,False,True,False,False,False,False,False,False,False,False,False,False,False,False,False,False,False,False,False,False,False,False,True,False,False,False,True,False,False,False,False,True,False,False,False,True,missing_budget_or_year
Med Wind,37.1,12.3,,Italy,,2800.0,Unknown,,Floating,Unknown,Unknown,Unknown,Unknown,,,,,80,80.0,80.0,80.0,,662.8642680066558,EUR 9.3 billion,9300000000.0,9300000000.0,25.0,7.551030388655434,1.0161598173515982,False,False,False,False,False,False,True,False,False,False,False,False,False,False,True,True,False,False,False,False,False,False,False,False,False,False,False,False,False,False,False,False,False,False,False,False,False,False,True,False,False,False,True,False,False,False,False,True,False,False,False,True,missing_budget_or_year
